Provinsi,Indeks Pembangunan Manusia,Persentase_Miskin,TPT,Rata_Rata_Lama_Sekolah,Gini_Ratio,PDRB_per_Kapita,Pengeluaran_per_Kapita,Angka_Harapan_Hidup
ACEH,76.23,12.33,5.5,10.42,0.282,28145.0,11191.0,70.485
SUMATERA UTARA,76.47,7.36,5.05,10.29,0.295,41886.0,11898.0,70.33
SUMATERA BARAT,77.27,5.35,5.69,10.03,0.282,34854.0,12041.0,70.38
RIAU,76.31,6.16,4.12,9.8,0.307,87887.0,12233.0,72.57
JAMBI,75.13,7.19,4.48,9.32,0.301,49246.0,12018.0,72.09
SUMATERA SELATAN,74.76,10.15,3.89,9.28,0.311,44731.0,12416.0,70.975
BENGKULU,75.68,12.08,3.24,9.71,0.349,26691.0,12197.0,70.18
LAMPUNG,73.98,10.0,4.07,9.0,0.292,31127.0,11683.0,71.55000000000001
KEPULAUAN BANGKA BELITUNG,75.26,5.0,,,,40811.0,13837.0,71.535
KEPULAUAN RIAU,80.53,4.44,,,,101427.0,15881.0,
DKI JAKARTA,85.05,4.28,6.18,11.58,0.441,211954.0,20676.0,74.18
JAWA BARAT,75.9,7.02,6.74,9.46,0.416,36354.0,12447.0,74.41
JAWA TENGAH,74.77,9.48,4.33,8.62,0.359,31887.0,12746.0,75.1
DAERAH ISTIMEWA YOGYAKARTA,82.48,10.23,3.18,10.58,0.426,34757.0,,75.53
JAWA TIMUR,76.13,9.5,3.61,8.81,0.369,48444.0,13509.0,72.39500000000001
BANTEN,77.25,5.63,6.64,9.82,0.33,44688.0,13498.0,71.065
BALI,79.37,3.72,1.58,10.07,0.353,39897.0,15383.0,73.34
NUSA TENGGARA BARAT,73.97,11.78,3.22,8.87,0.369,19706.0,11922.0,67.78
NUSA TENGGARA TIMUR,69.89,18.6,3.23,8.88,0.315,14310.0,8735.0,68.035
KALIMANTAN BARAT,72.09,6.16,4.23,8.54,0.316,29714.0,10689.0,71.6
KALIMANTAN TENGAH,74.86,5.19,3.47,9.36,0.292,43719.0,12612.0,70.475
KALIMANTAN SELATAN,76.1,3.84,3.94,9.17,0.287,38155.0,13757.0,69.695
KALIMANTAN TIMUR,79.39,5.17,5.33,10.3,0.312,139812.0,14254.0,75.055
KALIMANTAN UTARA,74.04,5.54,3.9,9.69,0.261,102045.0,10568.0,72.775
SULAWESI UTARA,76.32,6.71,6.03,10.1,0.343,41764.0,12450.0,72.745
SULAWESI TENGAH,72.82,10.92,3.02,9.38,0.279,72959.0,10934.0,69.465
SULAWESI SELATAN,75.92,7.6,4.96,9.38,0.363,43671.0,12773.0,71.47999999999999
SULAWESI TENGGARA,74.25,10.54,3.27,9.9,0.363,42510.0,10992.0,71.65
GORONTALO,72.62,13.24,3.12,8.78,0.392,28042.0,11937.0,69.14
GORONTALO,72.62,13.24,3.12,8.78,0.392,28042.0,11110.0,69.14
SULAWESI BARAT,71.16,10.41,3.17,8.91,0.316,25618.0,10516.0,66.32
MALUKU,74.09,15.38,5.95,10.63,0.296,19744.0,9900.0,67.005
MALUKU UTARA,72.52,5.81,4.26,9.78,0.299,54439.0,9613.0,69.32
PAPUA BARAT,68.48,20.66,4.21,9.9,0.374,89652.0,9115.0,67.1
PAPUA BARAT DAYA,70.55,17.95,6.61,10.6,0.363,40657.0,9076.0,67.85
PAPUA,74.69,19.16,6.92,10.65,0.404,49956.0,11342.0,68.775
PAPUA SELATAN,69.54,19.71,4.9,8.87,0.412,35853.0,9983.0,66.475
PAPUA TENGAH,60.64,28.9,3.55,6.27,0.333,55268.0,8036.0,67.00999999999999
PAPUA PEGUNUNGAN,54.91,30.03,1.68,4.76,0.349,9641.0,5861.0,64.755
KEPULAUAN BANGKA BELITUNG,,,4.17,9.09,0.222,40811.0,13837.0,71.535
KEP. RIAU,,,6.89,10.78,0.382,,,71.285
