Provinsi,Produk Domestik Regional Bruto per Kapita HK (Ribu Rp)
Aceh,28145 (**)
Sumatera Utara,41886 (**)
Sumatera Barat,34854 (**)
Riau,87887 (**)
Jambi,49246 (**)
Sumatera Selatan,44731 (**)
Bengkulu,26691 (**)
Lampung,31127 (**)
Kepulauan Bangka Belitung,40811 (**)
Kepulauan Riau,101427 (**)
DKI Jakarta,211954 (**)
Jawa Barat,36354 (**)
Jawa Tengah,31887 (**)
DI Yogyakarta,34757 (**)
Jawa Timur,48444 (**)
Banten,44688 (**)
Bali,39897 (**)
Nusa Tenggara Barat,19706 (**)
Nusa Tenggara Timur,14310 (**)
Kalimantan Barat,29714 (**)
Kalimantan Tengah,43719 (**)
Kalimantan Selatan,38155 (**)
Kalimantan Timur,139812 (**)
Kalimantan Utara,102045 (**)
Sulawesi Utara,41764 (**)
Sulawesi Tengah,72959 (**)
Sulawesi Selatan,43671 (**)
Sulawesi Tenggara,42510 (**)
Gorontalo,28042 (**)
Sulawesi Barat,25618 (**)
Maluku,19744 (**)
Maluku Utara,54439 (**)
Papua Barat,89652 (**)
Papua Barat Daya,40657 (**)
Papua,49956 (**)
Papua Selatan,35853 (**)
Papua Tengah,55268 (**)
Papua Pegunungan,9641 (**)
,
Keterangan,
Perbedaan,
antara jumlah PDRB 34 Provinsi dan PDB Indonesia antara lain disebabkan oleh,
diskrepansi statistik.,